id,title,actual_label,predicted_label,tokens_used,processing_time,model,prompt_type
748,Alex Rodriguez and Jennifer Lopez’s dating history before they hooked up,fake,real,284,0.4928288459777832,gpt-3.5-turbo,zero_shot
20,Connecting People Through News,fake,real,276,0.7113211154937744,gpt-3.5-turbo,zero_shot
1088,Married at First Sight Producer Gives Inside Look at Matching Process,real,real,283,0.378734827041626,gpt-3.5-turbo,zero_shot
466,Katy Perry Pressuring Robert Pattinson To Get Married ,fake,fake,283,0.7009861469268799,gpt-3.5-turbo,zero_shot
491,Robin Roberts and Michael Strahan spark feud rumors,fake,fake,282,0.5276789665222168,gpt-3.5-turbo,zero_shot
1521,"Lauren Bushnell has a new boyfriend after split from 'Bachelor' star Ben Higgins, source says",real,real,291,3.892103910446167,gpt-3.5-turbo,zero_shot
1038,Summer 2018: The Best Celebrity Vacation Spots,real,real,283,0.6985592842102051,gpt-3.5-turbo,zero_shot
315,"Tom Cruise is 'diabolical,' says Leah Remini",fake,fake,285,0.5210912227630615,gpt-3.5-turbo,zero_shot
484,"Hold Up, Is Caitlyn Jenner Adopting a Baby?!",fake,fake,300,0.7826747894287109,gpt-3.5-turbo,zero_shot
1833,"George Clooney Shows Off Pics of His Twins, Jokes They’re Like Models",real,real,288,0.4652562141418457,gpt-3.5-turbo,zero_shot
106,"Halle Berry NOT Pregnant At 50, Despite Reports",fake,real,284,0.7796049118041992,gpt-3.5-turbo,zero_shot
1525,Snow White Parody Film Under Fire For Body Shaming,real,real,283,0.5225210189819336,gpt-3.5-turbo,zero_shot
105,Justin Bieber: Hollywood Elites Killed My Unborn Child,fake,fake,284,0.5523169040679932,gpt-3.5-turbo,zero_shot
1645,Drake: New album ‘Scorpion’ features Michael Jackson and Jay-Z,real,real,286,0.49411702156066895,gpt-3.5-turbo,zero_shot
230,"Angelina Jolie Can’t Get Over Heartbreak Of Losing Brad Pitt — Real Reason For Fury, Says Source",fake,fake,295,0.527353048324585,gpt-3.5-turbo,zero_shot
339,"'Yeah, It's Been Hell' Oliver Hudson Jokes About Rumors of Brad Pitt Dating Sister Kate Hudson",fake,real,294,0.5213158130645752,gpt-3.5-turbo,zero_shot
269,"Jamie Foxx Not Renting Out Disneyland For Katie Holmes, Despite Fake News",fake,real,287,0.5699629783630371,gpt-3.5-turbo,zero_shot
763,Caitlyn Jenner spills on sex life with ex-wife Kris Jenner in tell-all book The Secrets of my Life,fake,fake,294,0.5120208263397217,gpt-3.5-turbo,zero_shot
1799,Matt Damon Interrupts Chris Hemsworth's Interview with Jimmy Kimmel,real,real,285,0.7166759967803955,gpt-3.5-turbo,zero_shot
1410,"Lala Kent, Kyle Richards and More Bravolebrities Share Their Moms' Beauty Advice",real,real,290,0.5084750652313232,gpt-3.5-turbo,zero_shot
1401,"Steve Harvey's Ex-Wife Sues Him for $60 Million; Alleges Torture, Child Endangerment",real,real,295,0.5174329280853271,gpt-3.5-turbo,zero_shot
782,Kylie Jenner Reignites Travis Scott Engagement Rumors With Diamond Ring On THAT Finger — Pic,fake,fake,290,0.5074977874755859,gpt-3.5-turbo,zero_shot
1028,"Golden Globes 2018: Lady Bird Wins Best Motion Picture, Musical or Comedy",real,real,289,0.6122479438781738,gpt-3.5-turbo,zero_shot
1841,National Eating Disorders Association,real,real,276,0.8068249225616455,gpt-3.5-turbo,zero_shot
1831,Wilmer Valderrama spotted visiting ex Demi Lovato in hospital in LA,real,real,289,0.6787378787994385,gpt-3.5-turbo,zero_shot
4,Orlando Bloom Biography,fake,real,275,0.5544919967651367,gpt-3.5-turbo,zero_shot
1348,I Do! Watch John Cena Adorably Officiate a Couple's Wedding Live on Today Show,real,real,300,0.4807469844818115,gpt-3.5-turbo,zero_shot
772,BREAKING: Supreme Court Issues Its First Bench Warrant Ever,fake,fake,309,0.5172531604766846,gpt-3.5-turbo,zero_shot
726,Paris Jackson Secret Surgery,fake,fake,277,0.47185802459716797,gpt-3.5-turbo,zero_shot
1228,Tristan Thompson Spotted at Ohio Hospital After Khloe Kardashian Gives Birth: Pic,real,real,287,0.48310399055480957,gpt-3.5-turbo,zero_shot
62,"Sofia Richie Hoping To Keep Scott Disick ‘Turned On’ By Emulating His Ex, Kourtney & It’s Working",fake,fake,300,0.5025432109832764,gpt-3.5-turbo,zero_shot
1269,How Carmelo Anthony justified allegedly cheating on La La,real,fake,283,0.7178511619567871,gpt-3.5-turbo,zero_shot
563,Celebrity blog: Brad Pitt and Angelina Jolie continue divorce talks — privately,fake,real,287,0.6118760108947754,gpt-3.5-turbo,zero_shot
818,Robert Pattinson & Kristen Stewart Reportedly In Talks For 1st Movie Together Since ‘Twilight’,fake,real,292,0.5132839679718018,gpt-3.5-turbo,zero_shot
435,"Brad Pitt Reportedly ‘Locked Out’ By Shiloh Jolie-Pitt After Angelina Jolie Split, Says ‘Radar Online’",fake,fake,301,0.5081231594085693,gpt-3.5-turbo,zero_shot
1129,Pregnant Heidi Montag shows off her burgeoning baby bump,real,real,283,0.5128870010375977,gpt-3.5-turbo,zero_shot
1294,Aaron Carter Hits Back at Brother Nick After DUI Arrest and Alleges He Was Targeted Because He's Famous,real,real,293,5.017898082733154,gpt-3.5-turbo,zero_shot
1201,Brandy Skips Ray J’s Baby Shower Amidst Alleged Family Drama,real,real,287,0.5111019611358643,gpt-3.5-turbo,zero_shot
556,"Brad Pitt Talks Divorce, Quitting Drinking, and Becoming a Better Man",fake,real,288,0.7153298854827881,gpt-3.5-turbo,zero_shot
1318,Kourtney Kardashian and Scott Disick Discuss Marriage,real,real,282,0.510382890701294,gpt-3.5-turbo,zero_shot
1917,Second Saturday in June,real,real,276,0.6129727363586426,gpt-3.5-turbo,zero_shot
498,"Jennifer Lopez & Alex Rodriguez Might Be Engaged, & There’s An Instagram Post To Prove It — PHOTO",fake,real,294,1.0837628841400146,gpt-3.5-turbo,zero_shot
128,Celebrities pay tribute to Mary Tyler Moore,fake,real,280,0.4719550609588623,gpt-3.5-turbo,zero_shot
1512,Zayn Malik And Gigi Hadid: ‘Second Wives Club’ Star Shiva Safai Dishes On The ‘Amazing Kids’,real,fake,314,0.8688321113586426,gpt-3.5-turbo,zero_shot
427,Hollywood Mourns Death of ‘Legendary’ Harry Dean Stanton: ‘The Definition of Cool’,fake,real,290,0.9505271911621094,gpt-3.5-turbo,zero_shot
1844,Khloe Kardashian opens up about 'anxiety' becoming a working mom,real,real,286,0.5106391906738281,gpt-3.5-turbo,zero_shot
1622,How Kelsea Ballerini Went From Keith Urban's Biggest Fan to Biggest Opening Act,real,real,289,0.5005083084106445,gpt-3.5-turbo,zero_shot
476,Ellen DeGeneres and Portia de Rossi Exchange Loving Anniversary Tributes in Celebration of Nine Years of Marriage,fake,real,293,0.47605204582214355,gpt-3.5-turbo,zero_shot
1574,Sarah Ferguson: Why she was invited to Prince Harry’s wedding but NOT Prince William’s,real,real,289,0.45505571365356445,gpt-3.5-turbo,zero_shot
459,"Brad Pitt, Girlfriend Neri Oxman ‘Talk on the Phone Several Times a Day’",fake,real,289,0.6126232147216797,gpt-3.5-turbo,zero_shot
1459,The Winners and Losers From Thanksgiving Day Football,real,real,281,0.5131971836090088,gpt-3.5-turbo,zero_shot
1566,Aubrey O'Day shares lingerie snaps amid Trump Jr. divorce drama,real,real,286,1.331906795501709,gpt-3.5-turbo,zero_shot
661,Bindi Irwin Does NOT Believe Chandler Powell Is Late Dad ’ s Reincarnation  Despite Late And Wrong Report,fake,fake,296,0.5052490234375,gpt-3.5-turbo,zero_shot
976,Drake Thinks Chris Brown’s ‘Comment Creeping’ On Rihanna Is ‘Sad & Desperate’,fake,real,291,0.6162400245666504,gpt-3.5-turbo,zero_shot
1985,Rob Kardashian Shows Support for Ex Rita Ora During ‘Girls’ Backlash,real,real,287,0.46417975425720215,gpt-3.5-turbo,zero_shot
738,Is Ben Affleck really Throwing Dinner Parties Just to Have Single Ladies Over? Find out here Full Story! – Married Biography,fake,fake,313,0.7631180286407471,gpt-3.5-turbo,zero_shot
614,Amber Rose Asked Club Not To Play Songs By Her Exes,fake,real,296,0.6139729022979736,gpt-3.5-turbo,zero_shot
1377,Today Show & Good Morning America Epic Halloween Costumes 2017,real,real,285,0.9054427146911621,gpt-3.5-turbo,zero_shot
1814,Cheryl (singer),real,real,276,0.7265841960906982,gpt-3.5-turbo,zero_shot
647,Justin Bieber Explains Why He's Not in a Relationship: 'I Got My Heart Broken',fake,real,290,0.636876106262207,gpt-3.5-turbo,zero_shot
725,Gwen Stefani Did Order Blake Shelton To Weight  Report,fake,fake,285,0.7987377643585205,gpt-3.5-turbo,zero_shot
418,Watch Jenna Dewan Sizzle In Dance Off With J.Lo In 'World Of Dance' Trailer,fake,real,291,0.5106501579284668,gpt-3.5-turbo,zero_shot
562,Halle Berry & Boyfriend Alex Da Kid Break Up - theJasmineBRAND,fake,real,301,0.5100710391998291,gpt-3.5-turbo,zero_shot
1390,Suzette Quintanilla on Kim Kardashian and Demi Lovato's costumes,real,real,287,0.9234440326690674,gpt-3.5-turbo,zero_shot
768,"Despite Rihanna-Leonardo DiCaprio rumors, actor is single, rep says",fake,real,288,0.5189807415008545,gpt-3.5-turbo,zero_shot
642,PTC Analysis of YouTube Finds Explicit Content is One Click Away from Children,fake,real,286,0.6712613105773926,gpt-3.5-turbo,zero_shot
524,People can't stop wondering if Selena Gomez reacted to Justin Bieber's engagement — but everyone's concern is unnecessary and sexist,fake,real,296,0.6495318412780762,gpt-3.5-turbo,zero_shot
389,Gwen Stefani Baggy Tee,fake,real,278,0.9202916622161865,gpt-3.5-turbo,zero_shot
156,Brad Pitt and Jennifer Aniston 'busted' over Aspen reunion,fake,fake,286,0.6139400005340576,gpt-3.5-turbo,zero_shot
612,Kim Kardashian ‘Worried Sick’ Kanye West’s Feud With JAY-Z Will Cause Relapse https://tmbw.news/kim-kardashian-worried-sick-kanye-wests-fe…,fake,fake,315,0.7176268100738525,gpt-3.5-turbo,zero_shot
270,Here's Why Kylie Jenner Decided to Stop Sharing Pictures of Stormi,fake,real,286,0.4365119934082031,gpt-3.5-turbo,zero_shot
1626,"Danielle Herrington Photos, Sports Illustrated Swimsuit 2018",real,real,285,0.5830440521240234,gpt-3.5-turbo,zero_shot
1041,Mission: Impossible – Fallout Trailer Features Epic Stunts and a Disrupted Wedding.,real,real,287,1.0235986709594727,gpt-3.5-turbo,zero_shot
775,Josh Duhamel Meets Jennifer Garner's Kids,fake,real,282,0.510002851486206,gpt-3.5-turbo,zero_shot
1919,"Kim, Khloé & Rob Kardashian Enjoy Kris Jenner's Valentine's Dinner - and a Kanye West Sing-Along",real,real,295,0.6136519908905029,gpt-3.5-turbo,zero_shot
217,"Meryl Streep And Nicole Kidman Feud On ‘Big Little Lies’ Set, Reports ‘Closer Weekly’",fake,real,295,0.4566380977630615,gpt-3.5-turbo,zero_shot
592,CONFIRMED: Brad Pitt and Jennifer Aniston - 'They're back on!',fake,fake,309,0.5671710968017578,gpt-3.5-turbo,zero_shot
700,Mariah Carey’s twins steal spotlight at Hollywood Walk of Fame,fake,real,284,0.7128419876098633,gpt-3.5-turbo,zero_shot
1987,Dennis Quaid to Play George W. Bush in Katrina: American Crime Story,real,real,287,1.0052752494812012,gpt-3.5-turbo,zero_shot
1553,"Report: Jay Cutler Expected to Retire, May Return to TV",real,real,286,0.6775050163269043,gpt-3.5-turbo,zero_shot
1227,"This Photo Of Kim Kardashian, Chrissy Teigen, Kanye West & John Legend At Ellen DeGeneres' 60th Birthday Is Perfect",real,real,300,0.5008220672607422,gpt-3.5-turbo,zero_shot
1308,Last Man on Earth Cancelled at Fox,real,real,280,5.392300128936768,gpt-3.5-turbo,zero_shot
1895,Met Gala: Jennifer Lopez glitters in Balmain with Alex Rodriguez,real,real,285,0.4182400703430176,gpt-3.5-turbo,zero_shot
1901,Kandi Burruss Explodes Over Rape Accusation on 'Real Housewives of Atlanta' Reunion (Video),real,fake,296,0.4306640625,gpt-3.5-turbo,zero_shot
1409,"From Erinn Hayes to T.J. Miller, These Stars Left Their Hit TV Shows",real,real,301,0.480241060256958,gpt-3.5-turbo,zero_shot
1253,Jay-Z explains why the rise of Trump is 'actually a great thing',real,fake,287,0.511591911315918,gpt-3.5-turbo,zero_shot
791,Selena Gomez Wants ‘Perfect BF’ After Failed Justin Bieber Romance: Her Deal Breakers Revealed,fake,fake,293,0.5996038913726807,gpt-3.5-turbo,zero_shot
95,People are freaking out that Laura Dern may have snubbed Reese Witherspoon after Emmy win,fake,real,292,0.5236260890960693,gpt-3.5-turbo,zero_shot
733,Selena Gomez & Justin Bieber: She’s Hoping They Can Double Date With Taylor Swift & Joe Alwyn,fake,fake,295,0.6129727363586426,gpt-3.5-turbo,zero_shot
878, BREAKING Muslims’ Disturbing Plan Comes Out After Grocery Stores Go Bare To Prepare For Irma,fake,fake,317,0.49359893798828125,gpt-3.5-turbo,zero_shot
510,Kate Middleton Forbids Prince William From Solo Travel Following His Recent Flirty Ski Trip,fake,fake,290,0.5309162139892578,gpt-3.5-turbo,zero_shot
962,Khloe Kardashian Recalls Being in Delivery Room When Kylie Jenner Gave Birth,fake,real,287,0.5223023891448975,gpt-3.5-turbo,zero_shot
91,Wings of Fury: From Vietnam to the Gulf War the Astonishing True,fake,fake,287,0.4972810745239258,gpt-3.5-turbo,zero_shot
214,Kanye West Confronts Kim Kardashian’s Rumored Other Man — Report,fake,fake,287,0.4955301284790039,gpt-3.5-turbo,zero_shot
474,Robert Pattinson & Kristen Stewart: Is His Ex-Fiancee FKA Twigs Pissed Over Their Reunion?,fake,fake,304,0.528439998626709,gpt-3.5-turbo,zero_shot
674,Has Jennifer Aniston 'confronted' Selena Gomez over Justin Theroux friendship?,fake,fake,297,0.7152249813079834,gpt-3.5-turbo,zero_shot
160,Caitlyn Jenner Did NOT Take Over ‘ Celebrity Apprentice  ’ One Year After False Report,fake,real,289,0.5088591575622559,gpt-3.5-turbo,zero_shot
406,Trump Votes For Death Penalty For Being Gay,fake,fake,281,0.715214729309082,gpt-3.5-turbo,zero_shot
455,"» Brad Pitt, Neri Oxman Designing “Love Nest” Together?Gossip Site",fake,fake,299,0.5543460845947266,gpt-3.5-turbo,zero_shot
875,High Heel Hell! Crippling Cait Facing Knee Surgery After Refusing To Ditch Stilettos,fake,fake,302,0.5719571113586426,gpt-3.5-turbo,zero_shot
71,Angelina Jolie Gets ‘Aggressive’ With Major Makeover!,fake,fake,294,0.6145977973937988,gpt-3.5-turbo,zero_shot
1850,The Voice (U.S. season 12),real,real,281,0.43419694900512695,gpt-3.5-turbo,zero_shot
471,Kendall Jenner Limiting Her ‘KUWTK’ Appearances: Why You’ll Barely See Her On TV,fake,real,308,0.5881400108337402,gpt-3.5-turbo,zero_shot
747,Jessica Simpson ‘Diet Or Die’ Crisis,fake,fake,282,0.5095169544219971,gpt-3.5-turbo,zero_shot
1797,Blake Shelton Says His ‘Karma’ Tweet Was a ‘Personal Thing’,real,real,287,0.6101140975952148,gpt-3.5-turbo,zero_shot
1116,How to Set Curls Like Shakira: Celebrity Stylist Tips,real,real,285,0.4254777431488037,gpt-3.5-turbo,zero_shot
47,"Iggy Azalea Sued for Failing to Pay $300,000 Credit Card Debt",fake,real,291,0.5771071910858154,gpt-3.5-turbo,zero_shot
64,Channing Tatum and Jenna Dewan Split After 9 Years of Marriage,fake,real,287,0.8450927734375,gpt-3.5-turbo,zero_shot
313,Jessica Simpson Getting $1 Billion Dollar Divorce?,fake,fake,289,0.5091569423675537,gpt-3.5-turbo,zero_shot
1907,Second Wives Club's Katie Cazorla Compares Herself to Classy Co-Star Shiva Safai: I'm So Opposite of Her,real,real,302,0.7576248645782471,gpt-3.5-turbo,zero_shot
1665,"Jennifer Hudson and David Otunga Break Up, Singer Receives Protective Order Against Ex-Fiance",real,real,290,0.8790252208709717,gpt-3.5-turbo,zero_shot
401,Breaking News: FBI Uncovers Evidence That 62 Million Trump Voters are All Russian Agents,fake,fake,302,1.210799217224121,gpt-3.5-turbo,zero_shot
1144,Amber Portwood Reacts to Ex-Fiance Matt Baier’s Surprise Marriage,real,real,287,0.4531848430633545,gpt-3.5-turbo,zero_shot
1260,"Will & Grace is back, and so is the debate over its place in LGBTQ history",real,real,289,0.4865097999572754,gpt-3.5-turbo,zero_shot
1711,A Buffy the Vampire Slayer Reboot Is Officially Happening–With a New Twist,real,real,289,0.7128331661224365,gpt-3.5-turbo,zero_shot
1014,Angelina Pivarnick,real,real,278,0.543936014175415,gpt-3.5-turbo,zero_shot
724,Peta Murgatroyd Talks Surprise Pregnancy and Maksim Chmerkovskiy's Reaction: 'He Thought I Was Kidding!',fake,real,309,0.5222070217132568,gpt-3.5-turbo,zero_shot
242,Stories About Jamie Foxx In Miami While Katie Holmes Is In Paris Are Meaningless,fake,real,288,0.520247220993042,gpt-3.5-turbo,zero_shot
1142,"Garrett County Chamber of Commerce, MD",real,real,279,0.6050338745117188,gpt-3.5-turbo,zero_shot
1580,"Survivor’s Jenna Morasco Arrested After Allegedly Biting Cop, Apparent Overdose",real,real,291,0.9354310035705566,gpt-3.5-turbo,zero_shot
1905,Here’s Why Gwyneth Paltrow’s Ex-Husband Chris Martin Might Walk Her Down the Aisle,real,real,294,0.6889610290527344,gpt-3.5-turbo,zero_shot
566,Lopez /López (accent on people's names),fake,real,282,0.5488178730010986,gpt-3.5-turbo,zero_shot
1362,Amber Heard walks arm-in-arm with beau Vito Schnabel while grocery shopping in LA,real,real,289,0.4948089122772217,gpt-3.5-turbo,zero_shot
1012,Every Single Kardashian Christmas Card — From The '80S 'Til Rn,real,real,288,0.5232729911804199,gpt-3.5-turbo,zero_shot
1345,King Peppy,real,fake,276,0.6425948143005371,gpt-3.5-turbo,zero_shot
812,Everything That Happened in Selena and Abel Tesfaye's Dating Relationship,fake,real,287,0.4277193546295166,gpt-3.5-turbo,zero_shot
492,Caitlyn Heads to the Capitol: Jenner Rep Addresses Reports of Inaugural Dance with Trump,fake,real,290,0.49637889862060547,gpt-3.5-turbo,zero_shot
897,Is Beyonce At The 2018 Grammys? Twitter Is Searching For The Star,fake,fake,297,0.6114370822906494,gpt-3.5-turbo,zero_shot
216,Has Taylor Swift Become the Cersei Lannister of Pop Music?,fake,fake,293,0.4806671142578125,gpt-3.5-turbo,zero_shot
288,Angelina Jolie's nanny breaks silence to claim she is unfairly demonizing Brad Pitt,fake,real,289,0.47818493843078613,gpt-3.5-turbo,zero_shot
929,Is Britney Spears Planning A Secret Wedding In Las Vegas?,fake,fake,291,0.5748500823974609,gpt-3.5-turbo,zero_shot
1301,CNN's Anthony Bourdain dead at 61,real,real,281,0.6510818004608154,gpt-3.5-turbo,zero_shot
1684,Jenny Slate Joins Chris Evans' Family for Christmas,real,real,282,0.5170040130615234,gpt-3.5-turbo,zero_shot
1937,Jeremy London Arrested for Domestic Violence,real,real,279,0.5691320896148682,gpt-3.5-turbo,zero_shot
378,Jennifer Aniston and Justin Theroux Split 'Lovingly' After Two Years of Marriage,fake,real,290,0.5394308567047119,gpt-3.5-turbo,zero_shot
857,Prince Harry and Meghan Markle house-hunting in Cotswolds,fake,real,285,0.7878870964050293,gpt-3.5-turbo,zero_shot
1888,Selena Gomez Accepting Anxiety & Depression as Lifelong Struggles Is a Comforting Insight,real,real,291,0.6641910076141357,gpt-3.5-turbo,zero_shot
161,"Sarah Silverman, Kate Beckinsale Writing Comedy Series Together?",fake,real,291,0.4674959182739258,gpt-3.5-turbo,zero_shot
1224,Alex Rodriguez is Jennifer Lopez's biggest fan as at the MTV VMAs,real,real,286,0.5022749900817871,gpt-3.5-turbo,zero_shot
1406,JAY-Z Shares New ‘Footnotes for “The Story of O.J.”‘ Video,real,real,302,0.38095712661743164,gpt-3.5-turbo,zero_shot
85,MOM BARES HER SOUL ON MEG OF HER HEART – HOPES RIFT IS HEALED BY ACTRESS’ SPLIT WITH QUAID,fake,fake,319,0.5381059646606445,gpt-3.5-turbo,zero_shot
565,Kim Kardashian Gets Hysterical Over Lost Earring on Kardashians,fake,fake,286,0.8187499046325684,gpt-3.5-turbo,zero_shot
1816,Are You the One's Kathryn Palmer Defends Robby Hayes Amid Bachelor in Paradise Cheating Rumors,real,real,292,0.5098838806152344,gpt-3.5-turbo,zero_shot
1927,Amber Heard’s Beau Elon Musk Is a Perfect Gentleman on Date Night,real,real,286,0.7496621608734131,gpt-3.5-turbo,zero_shot
1578,"Gwyneth Paltrow's Super-Starry Engagement Party: Reese Witherspoon, Jennifer Aniston, More Celebrate",real,real,297,0.5435161590576172,gpt-3.5-turbo,zero_shot
1282,Watch Fergie Awkwardly Crash the Stage Not Once But Twice at Last Night’s TrevorLIVE Gala,real,real,295,0.44129300117492676,gpt-3.5-turbo,zero_shot
1319,ABC News Radio,real,fake,288,0.5144829750061035,gpt-3.5-turbo,zero_shot
1010,Gus kenworthy reveals what it's really like to pose nude for espn the magazine's body issue:,real,real,292,0.8168179988861084,gpt-3.5-turbo,zero_shot
1958,Cast of 'Roseanne' describes 'surreal' return to iconic set,real,real,288,0.5008258819580078,gpt-3.5-turbo,zero_shot
701,Selena Gomez & The Weeknd In ‘Vogue’ Together? A Sexy Shoot May Be In The Works,fake,fake,302,0.5208220481872559,gpt-3.5-turbo,zero_shot
138,REPORT: Teresa Giudice Getting $500K to Film Joe Deportation Spinoff,fake,fake,303,0.8200440406799316,gpt-3.5-turbo,zero_shot
1235,Tim McGraw collapses on stage in Ireland,real,real,280,0.48465394973754883,gpt-3.5-turbo,zero_shot
1440,Stacy London On Her Year Of Going Broke,real,real,293,0.6839809417724609,gpt-3.5-turbo,zero_shot
1197,Royal complexion: Meghan Markle’s ‘PERFECT SKIN’ secrets revealed by skin care expert,real,real,292,0.44152307510375977,gpt-3.5-turbo,zero_shot
102,New Intimate Details of Tristan Thompson's Affair Prove It's Worse Than Khloé Kardashian Knows (EXCLUSIVE),fake,fake,310,0.7394211292266846,gpt-3.5-turbo,zero_shot
1682,Tom Daley and Dustin Lance Black share wedding photos,real,real,282,0.5111589431762695,gpt-3.5-turbo,zero_shot
460,Beyonce looks amazing in Instagram snap: defiant against online trolls,fake,real,296,0.6906359195709229,gpt-3.5-turbo,zero_shot
553,Chris Soules loses legal battle to have felony dropped,fake,real,282,0.5329878330230713,gpt-3.5-turbo,zero_shot
555,Angelina Jolie ’ s Dad Begging She Get Help For Eating Disorder  Report,fake,fake,290,0.6175410747528076,gpt-3.5-turbo,zero_shot
805,Pope Francis To Followers: “Koran And Holy Bible Are The Same”,fake,fake,287,0.4995911121368408,gpt-3.5-turbo,zero_shot
372,Angelina’s kids speak out: We want to live with our dad and Jennifer Aniston,fake,fake,291,0.5226399898529053,gpt-3.5-turbo,zero_shot
1126,Mindy Kaling finally speaks about her surprise pregnancy,real,real,282,0.611361026763916,gpt-3.5-turbo,zero_shot
1872,United Airlines Announces 10 Policy Changes in Response to Passenger Removal Incident,real,real,286,0.5112950801849365,gpt-3.5-turbo,zero_shot
1754,Jane Fonda didn't think she'd make it to 30: I thought 'I'd die lonely and an addict',real,real,296,6.448460817337036,gpt-3.5-turbo,zero_shot
1587,25 celebrities you had no idea got their start on reality TV,real,real,285,0.5079367160797119,gpt-3.5-turbo,zero_shot
646,Video: Elsa Pataky doesn't attend Avengers premiere with Chris Hemsworth,fake,real,287,0.4720149040222168,gpt-3.5-turbo,zero_shot
1296,"Prince Harry: I sought counselling after 20 years of not thinking about the death of my mother, Diana, and two years of total chaos in my life",real,real,303,0.437136173248291,gpt-3.5-turbo,zero_shot
1378,Jessie james decker: 7 reasons this country darling is just like us,real,real,287,0.5122168064117432,gpt-3.5-turbo,zero_shot
1945,Keira Knightley Is All Tied Up and More Best Dressed Stars,real,real,287,0.41156625747680664,gpt-3.5-turbo,zero_shot
776,'Justin Bieber and Selena Gomez are moving in together and couldn't be happier',fake,fake,289,0.6244280338287354,gpt-3.5-turbo,zero_shot
1910,Stephen Colbert to Host 2017 Emmy Awards,real,real,281,0.6123347282409668,gpt-3.5-turbo,zero_shot
1908,"Margot Robbie, Salma Hayek Chill Out at Independent Spirit Awards",real,real,286,0.512840986251831,gpt-3.5-turbo,zero_shot
1136,Bruno Mars Is A Huge Cardi B Fan: ‘You Possess Something That Can’t Be Taught”,real,real,293,0.6147260665893555,gpt-3.5-turbo,zero_shot
1725,Jacob Tremblay Finally Meets Ryan Reynolds After Hunting Him Down in Tokyo -- See the Epic Pic!,real,real,300,0.4557831287384033,gpt-3.5-turbo,zero_shot
795,Why Selena Gomez Wasn't the Woman for Justin Bieber After All,fake,fake,287,0.7320570945739746,gpt-3.5-turbo,zero_shot
191,Ivanka Trump issues direct condemnation of 'white supremacy and neo-nazis',fake,real,286,0.6508848667144775,gpt-3.5-turbo,zero_shot
508,Kim Banned Troubled Kanye From Fashion Week,fake,fake,282,0.510756254196167,gpt-3.5-turbo,zero_shot
1748,Here are the Oscar red carpet fashions we can’t stop talking about,real,real,287,0.5104260444641113,gpt-3.5-turbo,zero_shot
1813,Ludacris and Vanessa Hudgens to Host the 2017 Billboard Music Awards,real,real,288,0.5105657577514648,gpt-3.5-turbo,zero_shot
461,Miley Cyrus and Liam Hemsworth Relationship Timeline,fake,real,281,0.5092191696166992,gpt-3.5-turbo,zero_shot
1603,Viola Davis’ husband lands role in ‘How to Get Away with Murder’,real,real,287,0.588721752166748,gpt-3.5-turbo,zero_shot
1864,Rise Of The Teenage Mutant Ninja Turtles Character Photos Suggest It's A Prequel,real,real,291,0.65578293800354,gpt-3.5-turbo,zero_shot
1843,‘I support her’: Matt Smith breaks silence on Claire Foy pay gap and says The Crown producers 'made amends',real,real,296,0.46117091178894043,gpt-3.5-turbo,zero_shot
345,Scott Disick’s Worst Fear Is That His Youngest Son Reign Isn’t His (EXCLUSIVE),fake,fake,304,0.49675917625427246,gpt-3.5-turbo,zero_shot
1290,"U.S. women's figure skating Olympic team set: Bradie Tennell, Mirai Nagasu, Karen Chen",real,real,295,0.5685708522796631,gpt-3.5-turbo,zero_shot
804,"Caitlyn Jenner, 68, escorts gal pal Sophia Hutchins, 21, to Nobu Malibu in her $200K purple Porsche",fake,real,301,0.5674681663513184,gpt-3.5-turbo,zero_shot
159,Megyn Kelly,fake,real,275,0.5709960460662842,gpt-3.5-turbo,zero_shot
1573,Mischa Barton's ex-boyfriend agrees he won't release sex tape,real,real,286,0.5514218807220459,gpt-3.5-turbo,zero_shot
1571,Valerie Jarrett responds to Roseanne's racist Twitter rant: 'A teaching moment',real,real,288,0.46474289894104004,gpt-3.5-turbo,zero_shot
32,Ohio student suspended for staying in class during National Walkout Day,fake,real,284,5.307126998901367,gpt-3.5-turbo,zero_shot
1805,The Versace Family Rips American Crime Story in Second Statement,real,real,284,0.7032227516174316,gpt-3.5-turbo,zero_shot
1477,"Serena Williams’ Star-Studded Wedding: See Kim Kardashian, Eva Longoria and More Famous Friends Arrive OlodoMusic Hub",real,fake,298,0.44873476028442383,gpt-3.5-turbo,zero_shot
937,Angelina Jolie & Sean Penn Talking ‘A Lot’ Claims Source — He Thinks She’s ‘Amazing & Stunningly Beautiful’,fake,fake,312,0.5426030158996582,gpt-3.5-turbo,zero_shot
683,Angelina Jolie Syrian Refugee Hunger Strike Vs Tom Cruise’s Pooh,fake,fake,287,0.6900999546051025,gpt-3.5-turbo,zero_shot
1991,Kim Kardashian,real,real,274,0.49978017807006836,gpt-3.5-turbo,zero_shot
1328,The Song in Your Heart,real,real,277,0.5948090553283691,gpt-3.5-turbo,zero_shot
454,"Khloe Kardashian's Family ""Heartbroken"" Over Tristan Thompson Cheating Reports: Everything We Know",fake,real,291,0.4333078861236572,gpt-3.5-turbo,zero_shot
880,Michael Phelps Returning to Swimming? The Best Celebrity April's Fool Day Jokes,fake,fake,295,0.5890281200408936,gpt-3.5-turbo,zero_shot
698,Amanda Seyfried Shares the 'Good Advice' She Used When Introducing Her Dog Finn to Her Baby Girl,fake,real,293,0.5279629230499268,gpt-3.5-turbo,zero_shot
1209,‘Empire’ Season 5: Flashback Shows Damon Cross’ Seductive Introduction to Cookie (Exclusive Video),real,real,294,0.46315884590148926,gpt-3.5-turbo,zero_shot
1784,How Kanye West Found Balance in His Life After His Breakdown,real,real,284,0.5346128940582275,gpt-3.5-turbo,zero_shot
848,Pregnant & Alone? Bradley Cooper & Fianceé Irina Shayk’s ‘Relationship On The Rocks’,fake,fake,302,0.5242171287536621,gpt-3.5-turbo,zero_shot
1068,The Voice News,real,fake,288,0.5077440738677979,gpt-3.5-turbo,zero_shot
13,Neil Patrick Harris' Marriage to David Burtka Is Falling Apart (EXCLUSIVE),fake,fake,301,0.518456220626831,gpt-3.5-turbo,zero_shot
241,Taylor Swift Hits Back at Tabloids,fake,real,280,0.538250207901001,gpt-3.5-turbo,zero_shot
1077,Teen Mom's Ryan Edwards Arrested for Heroin Possession,real,real,284,0.4752037525177002,gpt-3.5-turbo,zero_shot
1096,Watch Kelly Clarkson's daughter adorably sing a song for her celebrity crush,real,real,287,0.47251319885253906,gpt-3.5-turbo,zero_shot
1499,TIDAL Sending Supplies To Puerto Rico Amid Hurricane Recovery Efforts,real,real,297,0.6461551189422607,gpt-3.5-turbo,zero_shot
458,"‘Today’ Hosts Hint At Rumored Feud: Hoda Kotb, Savannah Guthrie, Megyn Kelly Trade ‘Mean Girl’ Jabs On Air",fake,fake,306,0.6319501399993896,gpt-3.5-turbo,zero_shot
276,'The Tourist': Why the Angelina Jolie-Johnny Depp Flop Deserves a Second Look,fake,real,295,0.4405689239501953,gpt-3.5-turbo,zero_shot
130,Ben Affleck introduces Lindsay Shookus to Jennifer Garner,fake,real,283,0.3766961097717285,gpt-3.5-turbo,zero_shot
1776,Margot Robbie’s Brother Hilariously Trolls Her for Losing Best Actress,real,real,287,0.4990580081939697,gpt-3.5-turbo,zero_shot
1131,Is It Possible to Treat an Acne Breakout Overnight?,real,real,290,0.8790860176086426,gpt-3.5-turbo,zero_shot
1447,WAGS Miami Stars Claudia Sampedro and Astrid Bavaresco Get Frisky With a Banana in Hilarious Sneak Peek,real,fake,301,0.5620837211608887,gpt-3.5-turbo,zero_shot
719,Ben Affleck and Lindsay Shookus Are Still Going Strong -- Is Marriage Next? (Exclusive),fake,real,298,0.6630899906158447,gpt-3.5-turbo,zero_shot
201,Golden Globes 2018 winners: the complete list,fake,real,283,0.43334317207336426,gpt-3.5-turbo,zero_shot
1778,Emmy Awards: Thandie Newton gives emotional speech for Westworld win,real,real,286,0.5497138500213623,gpt-3.5-turbo,zero_shot
1103,'Stranger Things' cast rallies behind fan after no one showed to his birthday party,real,real,289,0.4854869842529297,gpt-3.5-turbo,zero_shot
1695,Meghan Markle and Prince Harry Join William and Kate for Christmas Lunch with the Queen,real,real,288,0.6891829967498779,gpt-3.5-turbo,zero_shot
1022,Zayn Malik Speaks Out in Revealing Billboard Cover Story: 'I'm Not Censoring Myself Anymore',real,real,298,0.4374818801879883,gpt-3.5-turbo,zero_shot
1004,"Kim Kardashian & Kanye West Enjoy A Date Night Before Baby No. 3’s Arrival, Slamming Breakup Rumors",real,real,296,0.7563619613647461,gpt-3.5-turbo,zero_shot
187,Selena Gomez And Justin Bieber Back Together; Couple Secretly Got Married In The Caribbean?,fake,fake,297,0.46991586685180664,gpt-3.5-turbo,zero_shot
1291,Kendra Wilkinson Gets ‘Drunk’ Hours After Filing for Divorce from Hank Baskett,real,real,292,0.42458081245422363,gpt-3.5-turbo,zero_shot
337,In Love Again! Angelina Getting Serious With British Mystery Man,fake,fake,293,0.43018388748168945,gpt-3.5-turbo,zero_shot
330,Gwen Stefani & Blake Shelton Adopting? She Reportedly Wants Kid Before End Of Year,fake,fake,299,0.7428832054138184,gpt-3.5-turbo,zero_shot
34,"Tyga: Why He’s Obsessed With Dating Kylie Jenner Look-Alikes, But None Can Take Her Place",fake,real,294,0.51096510887146,gpt-3.5-turbo,zero_shot
1355,Selena Gomez Releases Epic ‘Bad Liar’ Music Video,real,real,284,0.44086503982543945,gpt-3.5-turbo,zero_shot
955,Prince Harry proposed to Meghan Markle on 'cozy' night while roasting chicken,fake,real,289,0.5768649578094482,gpt-3.5-turbo,zero_shot
392,"Kim Kardashian and Kanye West's new baby girl is here, born via surrogate",fake,real,287,0.43048596382141113,gpt-3.5-turbo,zero_shot
1140,Jada Pinkett Smith,real,real,277,0.5751621723175049,gpt-3.5-turbo,zero_shot
1,Nicole Kidman wants Keith Urban to join cast of Big Little Lies but he’s not convinced,fake,real,290,0.4309370517730713,gpt-3.5-turbo,zero_shot
663,Katy Perry Rocks Lingerie Look for Date Night With Orlando Bloom,fake,real,285,0.45389795303344727,gpt-3.5-turbo,zero_shot
1164,Jimmy Kimmel Learns Secret of the ‘Whaboom’ From ‘Bachelorette’ Contestant,real,real,294,0.615095853805542,gpt-3.5-turbo,zero_shot
944,Sofia Richie,fake,real,274,0.5544919967651367,gpt-3.5-turbo,zero_shot
1217,New World University: Katy Perry is JonBenét Ramsey,real,fake,284,0.5231361389160156,gpt-3.5-turbo,zero_shot
1167,RHONY's Carole Radziwill Is All of Us Trying to Order Breakfast,real,real,300,0.740670919418335,gpt-3.5-turbo,zero_shot
564,Brad and Jen's secret sleepovers,fake,fake,280,0.5865199565887451,gpt-3.5-turbo,zero_shot
686,"Meryl Streep, Cher Feuding On Set Of ‘Mamma Mia’ Sequel?",fake,fake,298,0.5366919040679932,gpt-3.5-turbo,zero_shot
856,Jen's fury as Justin commits the ultimate betrayal,fake,fake,282,0.5603339672088623,gpt-3.5-turbo,zero_shot
1928,Keri and Yara Shahidi Master Mom-Daughter Fashion,real,real,285,0.5771510601043701,gpt-3.5-turbo,zero_shot
992,'Zombie' lookalike of Angelina Jolie admits she lied about plastic surgery to amuse herself,fake,fake,295,0.7045078277587891,gpt-3.5-turbo,zero_shot
1647,"As Julia Roberts turns 50, look back at her most stylish moments over the years",real,real,289,0.6783239841461182,gpt-3.5-turbo,zero_shot
40,Skinny Angelina Jolie reveals painfully thin arms on red carpet,fake,fake,285,0.5229730606079102,gpt-3.5-turbo,zero_shot
1458,The Narwhal Frappuccino Is Here and It Tastes Like Pink Starburst,real,real,290,0.5231838226318359,gpt-3.5-turbo,zero_shot
957,Rob Kardashian CAUGHT Slapping His Ex In The Face!,fake,fake,304,0.524306058883667,gpt-3.5-turbo,zero_shot
1984,Love Island's Sophie Gradon dead at 32 as boyfriend Aaron Armstrong and reality stars pay tribute,real,real,291,0.6306898593902588,gpt-3.5-turbo,zero_shot
862,Who Is Angelina Jolie's Boyfriend? New Details On The New Mystery Man She's Been Spotted With,fake,fake,303,0.44914817810058594,gpt-3.5-turbo,zero_shot
252,"Keith Urban plastic surgery: facelift, Botox, dental work, possible nose job",fake,fake,292,0.6364278793334961,gpt-3.5-turbo,zero_shot
1827,Kristen Stewart And Robert Pattinson’s Surprise Reunion,real,real,282,0.6035618782043457,gpt-3.5-turbo,zero_shot
727,J. Lo and A-Rod Attend Their Daughters' Dance Recital — and Pose with Her Ex Marc Anthony,fake,real,295,0.621697187423706,gpt-3.5-turbo,zero_shot
1546,Bruno Mars wins Grammy for Album of the Year,real,real,281,0.5212979316711426,gpt-3.5-turbo,zero_shot
1133,Erika Girardi Is Returning to the Screen with Eileen Davidson,real,real,285,0.6253490447998047,gpt-3.5-turbo,zero_shot
573,Ocean’s Eight makers hire therapist to prevent fights among actors on sets,fake,real,285,0.6185939311981201,gpt-3.5-turbo,zero_shot
98,Gal Gadot Porn Videos,fake,fake,278,0.8611679077148438,gpt-3.5-turbo,zero_shot
1839,Rita Ora kisses Cardi B in the new video for controversial track ‘Girls’,real,real,288,0.5114269256591797,gpt-3.5-turbo,zero_shot
387,Sarah Jessica Parker Would Like a Few Words With Carrie Bradshaw,fake,real,284,0.7889001369476318,gpt-3.5-turbo,zero_shot
1295,ABC News Radio,real,fake,288,0.466198205947876,gpt-3.5-turbo,zero_shot
1970,47 Times Kate Middleton Channeled Princess Diana's Style,real,real,284,0.4459679126739502,gpt-3.5-turbo,zero_shot
1600,Kaia Gerber Jokes She Doesn't 'See the Resemblance' in Cute Selfies With Mom Cindy Crawford,real,real,297,1.0242152214050293,gpt-3.5-turbo,zero_shot
1158,What Regina George's little sister from Mean Girls looks like now,real,fake,285,0.49962282180786133,gpt-3.5-turbo,zero_shot
1117,Kaitlyn Bristowe Can’t Recognize AJ McLean But Sings His Praises,real,real,291,0.5072691440582275,gpt-3.5-turbo,zero_shot
1230,Exclusive: Kyle Clarke dishes mightily on What Happens at The Abbey,real,fake,287,0.6134200096130371,gpt-3.5-turbo,zero_shot
1883,Chris Pratt Is Shirtless and Flexing in Michelob Ultra’s Super Bowl Commercial,real,real,288,0.5969510078430176,gpt-3.5-turbo,zero_shot
1418,Serena Williams Reveals Why She Told Pal and Mom-to-Be Meghan Markle to 'Stop Being so Nice',real,real,295,0.5264580249786377,gpt-3.5-turbo,zero_shot
1636,Ashley Graham Goes Topless For V Magazine,real,real,280,0.5095648765563965,gpt-3.5-turbo,zero_shot
1981,Michelle Obama shares details of her boot camp fitness routine,real,real,282,0.4098532199859619,gpt-3.5-turbo,zero_shot
243,"Tom Hanks, Charlize Theron, more stars pay tribute to Bill Paxton",fake,real,289,0.5119550228118896,gpt-3.5-turbo,zero_shot
1516,Ryan Seacrest's Mom Is Taylor Swift's Doppelganger - Do You Agree?,real,fake,298,0.6135399341583252,gpt-3.5-turbo,zero_shot
577,Celebrities Slam Donald Trump Over Mika Brzezinski Facelift Tweet,fake,real,288,0.5137617588043213,gpt-3.5-turbo,zero_shot
1810,Mama June Shannon squeezes into dress at mommy-daughter pageant,real,real,285,0.4217536449432373,gpt-3.5-turbo,zero_shot
1690,Khloé Kardashian Claps Back At People ‘Giving Advice’ After Tristan Thompson Cheating Scandal In A Series Of Cryptic Tweets,real,fake,312,0.5978937149047852,gpt-3.5-turbo,zero_shot
1621,Haylie Duff shares photographs of baby daughter Ryan Ava in Hawaii,real,real,285,0.610938310623169,gpt-3.5-turbo,zero_shot
1605,"This Is Us producers on three-Kate scene, Jack and Rebecca's reunion",real,real,287,0.5149850845336914,gpt-3.5-turbo,zero_shot
1957,‘American Horror Story’ Season 7 Title Revealed by Ryan Murphy – Variety,real,real,288,0.6125898361206055,gpt-3.5-turbo,zero_shot
385,Aaron Rodgers Girlfriend: Is Packers QB Dating Soccer Star Marie Margolius? [VIDEO],fake,fake,309,1.022587776184082,gpt-3.5-turbo,zero_shot
702,The real reason Mel B ended her turbulent marriage to Stephen Belafonte revealed,fake,real,287,0.9201047420501709,gpt-3.5-turbo,zero_shot
1876,"Oct. 11: Levin, Graham, McCaffrey, Myers, roundtable",real,real,289,0.6156630516052246,gpt-3.5-turbo,zero_shot
21,"Katie Holmes, Jamie Foxx's alleged secret romance explained",fake,real,283,0.6140868663787842,gpt-3.5-turbo,zero_shot
1171,Vanessa Hudgens Just Made The Straw Hat Cool Again,real,real,282,0.8158118724822998,gpt-3.5-turbo,zero_shot
847,dailynative.us,fake,fake,278,0.6150920391082764,gpt-3.5-turbo,zero_shot
1375,"#MeToo, Now What?",real,real,297,0.7164199352264404,gpt-3.5-turbo,zero_shot
1421,‘RuPaul’s Drag Race’ winners list: Where are all 12 of them now? [PHOTOS],real,fake,302,0.6141979694366455,gpt-3.5-turbo,zero_shot
1050,Last Minute Gift Ideas For Everyone On Your List,real,real,281,0.7154529094696045,gpt-3.5-turbo,zero_shot
1660,Angelina Jolie is no longer the saint she set out to be,real,fake,287,0.5602049827575684,gpt-3.5-turbo,zero_shot
1419,Kylie Minogue Says Trademark Battle With Kylie Jenner Wasn't Personal,real,real,286,0.5670862197875977,gpt-3.5-turbo,zero_shot
1132,"1 year after Las Vegas shooting, survivors still seek help",real,real,284,0.4048290252685547,gpt-3.5-turbo,zero_shot
1461,'The Voice' Season 13 Winner: Chloe Kohanski,real,real,285,0.5160858631134033,gpt-3.5-turbo,zero_shot
1900,Queer Eye (2018 TV series),real,real,280,0.4924149513244629,gpt-3.5-turbo,zero_shot
980,Britney Spears Opens Up About Illuminati: ‘I Pray To God For Forgiveness’ : PedoGate,fake,fake,296,0.4949479103088379,gpt-3.5-turbo,zero_shot
546,Pippa Middleton is not demanding Prince Harry attend her wedding without Meghan Markle & video,fake,real,290,0.48779869079589844,gpt-3.5-turbo,zero_shot
206,"Adam Sandler Joins the Safdie Brothers’ New A24 Film, Uncut Gems",fake,real,290,0.6307070255279541,gpt-3.5-turbo,zero_shot
1156,11 Ways to Get More (Real!) Instagram Followers,real,fake,292,0.5939278602600098,gpt-3.5-turbo,zero_shot
166,"Taylor Swift fans think that she's pregnant, but are they body shaming her?",fake,fake,296,0.4721541404724121,gpt-3.5-turbo,zero_shot
1370,'UnREAL' Unveils Female Suitor's Drama in First Season 3 Trailer (Video),real,real,292,1.5282139778137207,gpt-3.5-turbo,zero_shot
1317,Jim Carrey will not face trial over Cathriona White death,real,real,285,0.5931150913238525,gpt-3.5-turbo,zero_shot
1926,Why Did Selena Gomez and The Weeknd Break Up?,real,fake,291,0.6705179214477539,gpt-3.5-turbo,zero_shot
295,‘Bachelor’ Chris Soules arrested after deadly crash that killed Iowa farmer,fake,real,286,0.4991569519042969,gpt-3.5-turbo,zero_shot
1333,"Jason Derulo dressed up as the Night King from 'Game of Thrones' for Halloween, and he's unrecognizable in the photos of his costume",real,real,302,0.5566110610961914,gpt-3.5-turbo,zero_shot
1323,How To Get Vanessa Hudgens’ Hair In 4 Easy Steps,real,real,285,0.5350868701934814,gpt-3.5-turbo,zero_shot
540,Kim Kardashian  Kanye West Buying Bigger Mansion To Outdo Beyonce  JayZ ,fake,fake,290,0.6961660385131836,gpt-3.5-turbo,zero_shot
690,Khloe Kardashian Didn’t Get Banned From Cleveland Cavaliers Games [DeBunked],fake,real,289,0.4747600555419922,gpt-3.5-turbo,zero_shot
815,Kris Jenner and Corey Gamble Call It Quits After Three Years Together (EXCLUSIVE),fake,real,301,0.495330810546875,gpt-3.5-turbo,zero_shot
1897,Big World News,real,fake,288,0.497600793838501,gpt-3.5-turbo,zero_shot
1804,"Photos Of Pax Jolie-Pitt At The Golden Globes Will Make You Feel So, So Old",real,real,304,0.5401699542999268,gpt-3.5-turbo,zero_shot
1000,"'Game Of Thrones' Episode 4 Leaks Online, But The HBO Hack Isn't To Blame",real,real,305,0.5342040061950684,gpt-3.5-turbo,zero_shot
1929,11 cringe moments from Kim and Kanye's Celebrity Family Feud appearance,real,real,287,0.4466278553009033,gpt-3.5-turbo,zero_shot
413,Paula Abdul Evicted From Penthouse Apartment  Fake,fake,fake,283,0.509587287902832,gpt-3.5-turbo,zero_shot
1320,'This Week' Transcript: Target Libya,real,real,280,0.619196891784668,gpt-3.5-turbo,zero_shot
1948,Sienna Miller thinks her nipples look like ‘fighter pilot thumbs’,real,real,284,0.5976169109344482,gpt-3.5-turbo,zero_shot
1404,"The best and worst TV series finales of all time, from 'The Americans' to 'Seinfeld'",real,real,293,0.5094168186187744,gpt-3.5-turbo,zero_shot
87,Why Does Kim Cattrall Hate Sarah Jessica Parker? A Timeline of the Sex and the City Feud,fake,fake,301,0.5502159595489502,gpt-3.5-turbo,zero_shot
308,"Selena Gomez Did NOT Break Taylor Swift “Girl Code,” Despite Report",fake,real,286,0.509803056716919,gpt-3.5-turbo,zero_shot
27,Luke Bryan Says Katy Perry's 'American Idol' Kiss Was Just 'Fun TV',fake,real,288,0.5554120540618896,gpt-3.5-turbo,zero_shot
771,"Cindy Crawford and Rande Gerber May Be Headed for Divorce: ""There Is Constant Drama""",fake,fake,293,0.45449209213256836,gpt-3.5-turbo,zero_shot
860,Mariah Carey Launched “Tea”-Themed Merch from Her NYE Meme,fake,real,291,0.593245267868042,gpt-3.5-turbo,zero_shot
343,Outlet Flip Flops On What Camilla Parker Bowles Thinks Of Meghan Markle,fake,real,289,0.5495810508728027,gpt-3.5-turbo,zero_shot
379,"Kendall Jenner, Bella Hadid Were Secret Lovers?",fake,fake,290,0.46587133407592773,gpt-3.5-turbo,zero_shot
840,"Liam Hemsworth, Miley Cyrus Engaged: Couple Reportedly Having A Secret Wedding In Australia After Christmas",fake,real,293,0.5272860527038574,gpt-3.5-turbo,zero_shot
1668,Is Selena Gomez Shopping Justin Bieber’s Closet?,real,fake,289,0.6181378364562988,gpt-3.5-turbo,zero_shot
996,Aaron Rodgers Girlfriend 2017,fake,fake,279,0.5536239147186279,gpt-3.5-turbo,zero_shot
560,FDA Announced That Vaccines Are Causing Autism,fake,fake,283,0.6275162696838379,gpt-3.5-turbo,zero_shot
600,Kate Middleton Reportedly Has a Secret Account on a Popular Parenting Website,fake,real,286,0.49108409881591797,gpt-3.5-turbo,zero_shot
504,Devastated Johnny Depp Begging For Ex-Wife Vanessa Paradis Back!,fake,fake,297,0.8682899475097656,gpt-3.5-turbo,zero_shot
729,Kanye West Has Had 'Explosive' Fights with Kris Jenner,fake,fake,287,0.4519767761230469,gpt-3.5-turbo,zero_shot
391,Selena Gomez kidney donor Francia Raisa reveals she 'went through a depression' after transplant,fake,real,292,0.7909278869628906,gpt-3.5-turbo,zero_shot
205,Kate Middleton Loves “Rubbing Elbows” With Hollywood Elite?,fake,fake,292,0.7845511436462402,gpt-3.5-turbo,zero_shot
273,Nicole Kidman and Keith Urban Gush Over Daughters,fake,real,283,0.7485792636871338,gpt-3.5-turbo,zero_shot
699,Is Tom Cruise ready to reunite with his daughter Suri?,fake,fake,292,0.5314500331878662,gpt-3.5-turbo,zero_shot
475,When Did Ben Affleck and Lindsay Shookus Start Dating? The Complicated Timeline of Their Romance,fake,real,299,0.6548800468444824,gpt-3.5-turbo,zero_shot
1934,Lupita Nyong'o Recalls the Time She Shaved Her Head,real,real,286,0.4775559902191162,gpt-3.5-turbo,zero_shot
1664,6 Celebrities Who Have Never Once Been to the Met Gala,real,real,285,0.6249599456787109,gpt-3.5-turbo,zero_shot
1724,Aaron Paul and wife Lauren Paul are expecting their first child,real,real,283,0.5063402652740479,gpt-3.5-turbo,zero_shot
1288,Kardashians Slam Scott Disick Disrespectful Behavior On Family Vacation In Costa Rica What A F King Loser,real,fake,295,0.6601378917694092,gpt-3.5-turbo,zero_shot
52,Comment on Jennifer Aniston Is Reportedly Heartbroken Over Justin Theroux’s Plans To Move In With Emma Stone by Jackie,fake,fake,297,0.5565760135650635,gpt-3.5-turbo,zero_shot
1430,Mamma Mia 2 stars admit ‘I can’t sing or dance’ in behind-the-scenes footage (WATCH),real,real,294,0.4461839199066162,gpt-3.5-turbo,zero_shot
1597,Bella and Gigi Hadid Share Heartbreaking Pics From Their Flooded California Hometown,real,real,301,0.5337350368499756,gpt-3.5-turbo,zero_shot
1884,Alison Brie Addresses James Franco Allegations at SAG Awards,real,real,284,0.5169551372528076,gpt-3.5-turbo,zero_shot
251,Super Bowl XXXVIII halftime show controversy,fake,real,292,0.5289359092712402,gpt-3.5-turbo,zero_shot
1046,Police called after 'family dispute' at the home of Harvey Weinstein's daughter,real,real,287,0.8908448219299316,gpt-3.5-turbo,zero_shot
189,Nicole Kidman is unrecognisable as she undergoes gritty makeover for Destroyer,fake,real,288,0.53957200050354,gpt-3.5-turbo,zero_shot
1954,"Emilia Clarke ""Freaked Out"" Over Sarah Jessica Parker",real,real,285,0.49118876457214355,gpt-3.5-turbo,zero_shot
14,"Halle Berry Is Officially ""Done with Love""",fake,real,282,0.5754661560058594,gpt-3.5-turbo,zero_shot
502,Pregnant Irina Shayk & Bradley Cooper's Mom Gloria Go Food Shopping Together!,fake,fake,297,0.520601749420166,gpt-3.5-turbo,zero_shot
1312,Heidi Montag and Spencer Pratt dote on gorgeous son Gunner Stone,real,real,286,0.5035011768341064,gpt-3.5-turbo,zero_shot
838,Ryan Seacrest looks lovingly at girlfriend Shayna Taylor as they enjoy yacht time in France,fake,real,291,1.1583490371704102,gpt-3.5-turbo,zero_shot
366,Red Hen Owner Just Issued Sick Threat To Sarah Sanders After Biz Was Destroyed By Booting Her,fake,fake,293,0.4880058765411377,gpt-3.5-turbo,zero_shot
1395,Jessica Chastain Recalls the Moment Her Mother's Boyfriend Slapped Her: 'I Just Kicked Him in the Genitals',real,real,299,0.8894200325012207,gpt-3.5-turbo,zero_shot
1965,"Emilia Clarke on ‘Solo’ Director Shake-Up, ‘Game of Thrones’ Finale – Variety",real,real,292,0.5411930084228516,gpt-3.5-turbo,zero_shot
1641,Royal descendants of Queen Victoria and King Christian IX,real,real,281,0.4718599319458008,gpt-3.5-turbo,zero_shot
561,On Again? The Comprehensive History of Bella Hadid's Romance With The Weeknd,fake,fake,296,0.4888589382171631,gpt-3.5-turbo,zero_shot
170,A-Rod Is Lying! See The Proof He Booked A Sex Date With His Mistress Months Ago,fake,fake,314,0.46654415130615234,gpt-3.5-turbo,zero_shot
1793,Kim Kardashian auctioning off clothes to benefit children's hospital,real,real,283,0.554574728012085,gpt-3.5-turbo,zero_shot
489,Teen Choice Awards 2017 Winners: The Complete List,fake,real,283,0.8513379096984863,gpt-3.5-turbo,zero_shot
1435,"Lea Salonga, voice of ‘Mulan’ and Princess Jasmine, to perform at Segerstrom Center",real,real,294,0.4805409908294678,gpt-3.5-turbo,zero_shot
1659,Disneyland Has Its Own Exclusive Version of the Unicorn Frappuccino,real,real,285,0.7030868530273438,gpt-3.5-turbo,zero_shot
121,How Gwen Stefani's Instagram shuts down Blake Shelton breakup rumors — over and over again,fake,real,290,0.6709940433502197,gpt-3.5-turbo,zero_shot
794,VideosTube,fake,fake,275,0.7074277400970459,gpt-3.5-turbo,zero_shot
742,BREAKING: 3 Liberal Celebrities Arrested For Conspiracy To Assassinate President Trump,fake,fake,302,0.501774787902832,gpt-3.5-turbo,zero_shot
1615,Kendra Wilkinson Vows Farrah Abraham Is ‘Going Down’ After Racially Insensitive Remarks Hit Too Close to Home,real,fake,298,0.5741262435913086,gpt-3.5-turbo,zero_shot
1955,Bette Midler slams 'cheap' Hocus Pocus remake,real,real,286,0.42256617546081543,gpt-3.5-turbo,zero_shot
769,Beyonce Says She’s Demon Possessed. I Agree.,fake,fake,284,0.7627079486846924,gpt-3.5-turbo,zero_shot
890,The Biggest Celebrity Feuds of 2017,fake,real,281,0.4580848217010498,gpt-3.5-turbo,zero_shot
58,Khloe Kardashian Didn’t Get Banned From Cleveland Cavaliers Games [DeBunked],fake,real,289,0.5535461902618408,gpt-3.5-turbo,zero_shot
831,Create a Prank and trick your friends,fake,fake,281,0.9673240184783936,gpt-3.5-turbo,zero_shot
779,Angelina Jolie headed for a 'physical meltdown' as actress 'going without food or sleep'?,fake,fake,300,0.5534069538116455,gpt-3.5-turbo,zero_shot
200,Taylor Swift: F*ck The Virtue Signalling Left,fake,fake,285,0.717365026473999,gpt-3.5-turbo,zero_shot
35,New Parents Kylie Jenner and Travis Scott Aren't 'Making Any Huge Plans for the Future',fake,real,289,0.5323829650878906,gpt-3.5-turbo,zero_shot
520,Is Mariah Carey Forbidding Bryan Tanaka From Seeing Her Without Clothes And Makeup On? [Debunked],fake,fake,304,0.5361199378967285,gpt-3.5-turbo,zero_shot
766,Locations in London,fake,real,275,0.4982001781463623,gpt-3.5-turbo,zero_shot
574,Melania Trump undergoes kidney surgery at Walter Reed medical center,fake,real,283,0.4992189407348633,gpt-3.5-turbo,zero_shot
871,"Jennifer Aniston, Jake Gyllenhaal Went On Secret Date?",fake,fake,293,0.5219388008117676,gpt-3.5-turbo,zero_shot
1959,'Teen Mom OG' Reunion Recap: Maci Thinks Ryan Is on Drugs,real,real,289,0.8525879383087158,gpt-3.5-turbo,zero_shot
397,"Brad Pitt, Jennifer Aniston Reportedly Taking ‘Second Chance At Love’",fake,real,286,0.6239161491394043,gpt-3.5-turbo,zero_shot
1181,The real reason Angelina Jolie hasn't been on the big screen recently,real,real,287,0.9638538360595703,gpt-3.5-turbo,zero_shot
1215,Brie Bella considering baby number 2,real,real,280,0.874948263168335,gpt-3.5-turbo,zero_shot
1178,"Hayley Kiyoko Calls Rita Ora's 'Girls' 'Tone-Deaf,' Worries It Does 'More Harm Than Good' for LGBTQ Community",real,real,305,0.7208929061889648,gpt-3.5-turbo,zero_shot
1877,Watch Kristen Bell's amazing video of her castmates finding out the shocking Good Place finale twist,real,real,302,0.610098123550415,gpt-3.5-turbo,zero_shot
1549,"Met Gala 2018: Rihanna, SZA, and More Pose for Vogue Video Booth",real,real,290,0.7179038524627686,gpt-3.5-turbo,zero_shot
240,Charlize Theron and Alexander Skarsgard's romance is 'back on',fake,real,287,0.8192131519317627,gpt-3.5-turbo,zero_shot
1998,Chrissy Teigen’s Dog Reunites With Luna After Emergency Vet Trip,real,real,287,0.5077519416809082,gpt-3.5-turbo,zero_shot
681,Jennifer Garner ‘Doesn’t Want’ Her Kids Around Lindsay Shookus,fake,fake,288,0.512549877166748,gpt-3.5-turbo,zero_shot
1105,Korean Rubber Mask: Amazon.com,real,real,278,0.6141419410705566,gpt-3.5-turbo,zero_shot
1820,Khloe Kardashian Surprises Revenge Body Participant Rocco by Flying His Dad Out to L.A. on Revenge Body With Khloe Kardashian,real,real,298,0.4714009761810303,gpt-3.5-turbo,zero_shot
1595,Why Khloé Kardashian Spent Mother's Day Alone in Cleveland: She's 'Determined to Show She's Happy',real,real,296,0.6513280868530273,gpt-3.5-turbo,zero_shot
839,Khloe Kardashian NOT Getting Lip Injections During Pregnancy  Despite Report,fake,real,285,0.6126599311828613,gpt-3.5-turbo,zero_shot
1798,Steve Harvey's Closed-Door Policy Is Just the Beginning: Revisit Celebrities' Craziest Real and Rumored Demands,real,fake,299,1.0263957977294922,gpt-3.5-turbo,zero_shot
1768,Elizabeth Hurley gushes over Jennifer Lawrence's look-a-like Versace,real,real,287,0.5094866752624512,gpt-3.5-turbo,zero_shot
982,"Chris Pratt, Anna Faris: Why Jennifer Lawrence and other stars are blamed for Hollywood splits",fake,real,290,0.5113320350646973,gpt-3.5-turbo,zero_shot
888,"Kylie Jenner: News, Boyfriend, Net Worth & Photos",fake,fake,285,0.8209197521209717,gpt-3.5-turbo,zero_shot
134,Miley Cyrus And Liam Hemsworth Have Reportedly Broken Up Again,fake,real,285,0.5080440044403076,gpt-3.5-turbo,zero_shot
1094,Scarlett Johansson escorts 72-year-old lookalike to event,real,real,285,0.7182588577270508,gpt-3.5-turbo,zero_shot
80,The most adorable Father's Day messages,fake,real,279,0.5109038352966309,gpt-3.5-turbo,zero_shot
1902,12 Fall Outfits to Wear While You Sip That Cinnamon Chai Latte,real,real,290,0.511167049407959,gpt-3.5-turbo,zero_shot
1612,Let Astrology Help You Discover Your Best Spring Fashion Trend,real,real,283,0.5099277496337891,gpt-3.5-turbo,zero_shot
1195,John Heard: Home Alone actor dies aged 71,real,real,282,0.5113911628723145,gpt-3.5-turbo,zero_shot
1634,918kiss Download Apk | 918kiss Apk | 918kiss Apk Download ！ Free Welcome bonus,real,fake,300,0.5423381328582764,gpt-3.5-turbo,zero_shot
821,Jennifer Hudson Teases R.Kelly-Assisted 'It's Your World': Listen,fake,real,288,0.45348501205444336,gpt-3.5-turbo,zero_shot
99,Patrick Dempsey: Why I Called Off My Divorce to Jillian Dempsey,fake,real,288,0.6408569812774658,gpt-3.5-turbo,zero_shot
654,Report: Kim Kardashian to Do Nude Cookbook,fake,fake,281,0.4477229118347168,gpt-3.5-turbo,zero_shot
1502,HBO Announces ‘The Case Against Adnan Syed’ Docuseries,real,real,287,0.5818698406219482,gpt-3.5-turbo,zero_shot
